{
  "generatedBy": "Microsoft.NET.Sdk.Functions-3.0.11",
  "configurationSource": "attributes",
  "bindings": [
    {
      "type": "httpTrigger",
      "route": "GetWaterAggregationByFilterValues",
      "methods": [
        "post"
      ],
      "authLevel": "function",
      "name": "request"
    }
  ],
  "disabled": false,
  "scriptFile": "../bin/MapboxPrototypeAPI.dll",
  "entryPoint": "MapboxPrototypeAPI.Controllers.WaterAggregationController.GetWaterAggregationByFilterValues"
}